[
  {
    "value": "addition",
    "synonyms": [
      "addition",
      "add",
      "plus",
      "+",
      "sum"
    ]
  },
  {
    "value": "subtraction",
    "synonyms": [
      "subtraction",
      "difference",
      "-",
      "sub",
      "minus",
      "subtract"
    ]
  },
  {
    "value": "multiplication",
    "synonyms": [
      "multiplication",
      "multiply",
      "*",
      "mulitplied",
      "mul"
    ]
  },
  {
    "value": "division",
    "synonyms": [
      "division",
      "divide",
      "div",
      "/",
      "divided",
      "quotient"
    ]
  }
]