[
  {
    "id": "e777916d-80b1-4585-af72-396f801d4b43",
    "data": [
      {
        "text": "Please ",
        "userDefined": false
      },
      {
        "text": "divide",
        "meta": "@Operations",
        "alias": "Operations",
        "userDefined": false
      },
      {
        "text": " numbers",
        "userDefined": false
      }
    ],
    "isTemplate": false,
    "count": 0,
    "lang": "en",
    "updated": 0
  },
  {
    "id": "b1f7eea1-490e-4113-a3b4-2afaf09fd26f",
    "data": [
      {
        "text": "division",
        "meta": "@Operations",
        "alias": "Operations",
        "userDefined": false
      },
      {
        "text": " of numbers",
        "userDefined": false
      }
    ],
    "isTemplate": false,
    "count": 1,
    "lang": "en",
    "updated": 0
  },
  {
    "id": "d80cddca-8600-4532-a61b-347bdbb35f76",
    "data": [
      {
        "text": "3",
        "meta": "@sys.number",
        "alias": "number",
        "userDefined": false
      },
      {
        "text": " ",
        "userDefined": false
      },
      {
        "text": "divided",
        "meta": "@Operations",
        "alias": "Operations",
        "userDefined": false
      },
      {
        "text": " by ",
        "userDefined": false
      },
      {
        "text": "2",
        "meta": "@sys.number",
        "alias": "number1",
        "userDefined": false
      }
    ],
    "isTemplate": false,
    "count": 0,
    "lang": "en",
    "updated": 0
  },
  {
    "id": "58b39118-e307-45b0-bb7e-d18fc859f432",
    "data": [
      {
        "text": "quotient",
        "meta": "@Operations",
        "alias": "Operations",
        "userDefined": false
      },
      {
        "text": " of ",
        "userDefined": false
      },
      {
        "text": "3",
        "meta": "@sys.number",
        "alias": "number",
        "userDefined": false
      },
      {
        "text": " and ",
        "userDefined": false
      },
      {
        "text": "2",
        "meta": "@sys.number",
        "alias": "number1",
        "userDefined": false
      }
    ],
    "isTemplate": false,
    "count": 0,
    "lang": "en",
    "updated": 0
  },
  {
    "id": "f6613b01-b510-41b7-a12b-293cfe056703",
    "data": [
      {
        "text": "divide",
        "meta": "@Operations",
        "alias": "Operations",
        "userDefined": false
      },
      {
        "text": " numbers",
        "userDefined": false
      }
    ],
    "isTemplate": false,
    "count": 0,
    "lang": "en",
    "updated": 0
  }
]