[
  {
    "id": "22fe0c9f-604e-43d1-b36d-cbe1465c9f26",
    "data": [
      {
        "text": "multiplication",
        "meta": "@Operations",
        "alias": "operations",
        "userDefined": false
      },
      {
        "text": " of numbers",
        "userDefined": false
      }
    ],
    "isTemplate": false,
    "count": 0,
    "lang": "en",
    "updated": 0
  },
  {
    "id": "a8be0c30-4f33-4c1c-bd21-8b53f8e27504",
    "data": [
      {
        "text": "please ",
        "userDefined": false
      },
      {
        "text": "multiply",
        "meta": "@Operations",
        "alias": "operations",
        "userDefined": false
      },
      {
        "text": " numbers",
        "userDefined": false
      }
    ],
    "isTemplate": false,
    "count": 0,
    "lang": "en",
    "updated": 0
  },
  {
    "id": "d25de6b1-d93a-4ada-af1b-bfbd0205b5db",
    "data": [
      {
        "text": "number ",
        "userDefined": false
      },
      {
        "text": "multiplication",
        "meta": "@Operations",
        "alias": "operations",
        "userDefined": false
      }
    ],
    "isTemplate": false,
    "count": 0,
    "lang": "en",
    "updated": 0
  },
  {
    "id": "e75f44d0-3466-4ed0-938b-041fe3622e3c",
    "data": [
      {
        "text": "i would like to ",
        "userDefined": false
      },
      {
        "text": "multiply",
        "meta": "@Operations",
        "alias": "operations",
        "userDefined": false
      },
      {
        "text": " numbers",
        "userDefined": false
      }
    ],
    "isTemplate": false,
    "count": 2,
    "lang": "en",
    "updated": 0
  },
  {
    "id": "420815f2-fc7d-44ed-93dd-7679fc699e90",
    "data": [
      {
        "text": "2",
        "meta": "@sys.number",
        "alias": "number",
        "userDefined": false
      },
      {
        "text": " ",
        "userDefined": false
      },
      {
        "text": "multiplied",
        "meta": "@Operations",
        "alias": "operations",
        "userDefined": false
      },
      {
        "text": " with ",
        "userDefined": false
      },
      {
        "text": "4",
        "meta": "@sys.number",
        "alias": "number1",
        "userDefined": false
      }
    ],
    "isTemplate": false,
    "count": 0,
    "lang": "en",
    "updated": 0
  },
  {
    "id": "9ae2b34f-e0c2-4faa-82c6-bbaf19f95f09",
    "data": [
      {
        "text": "multiply",
        "meta": "@Operations",
        "alias": "operations",
        "userDefined": false
      },
      {
        "text": " the numbers",
        "userDefined": false
      }
    ],
    "isTemplate": false,
    "count": 0,
    "lang": "en",
    "updated": 0
  },
  {
    "id": "3efff104-44cc-4751-a9db-05dcf08e5d47",
    "data": [
      {
        "text": "number ",
        "userDefined": false
      },
      {
        "text": "multiply",
        "meta": "@Operations",
        "alias": "operations",
        "userDefined": false
      }
    ],
    "isTemplate": false,
    "count": 0,
    "lang": "en",
    "updated": 0
  }
]