[
  {
    "id": "441d36ea-6b00-4cb0-878d-d2abf06e320c",
    "data": [
      {
        "text": "please ",
        "userDefined": false
      },
      {
        "text": "subtract",
        "meta": "@Operations",
        "alias": "operations",
        "userDefined": false
      },
      {
        "text": " numbers",
        "userDefined": false
      }
    ],
    "isTemplate": false,
    "count": 0,
    "lang": "en",
    "updated": 0
  },
  {
    "id": "126b0cf7-52ef-4abe-b06a-dcf4d1cb227d",
    "data": [
      {
        "text": "subtraction",
        "meta": "@Operations",
        "alias": "operations",
        "userDefined": false
      },
      {
        "text": " of numbers",
        "userDefined": false
      }
    ],
    "isTemplate": false,
    "count": 0,
    "lang": "en",
    "updated": 0
  },
  {
    "id": "53a7c078-3ca3-4ce6-afc8-f945df6bded7",
    "data": [
      {
        "text": "please ",
        "userDefined": false
      },
      {
        "text": "minus",
        "meta": "@Operations",
        "alias": "operations",
        "userDefined": false
      },
      {
        "text": " ",
        "userDefined": false
      },
      {
        "text": "3",
        "meta": "@sys.number",
        "alias": "number",
        "userDefined": false
      },
      {
        "text": " and ",
        "userDefined": false
      },
      {
        "text": "2",
        "meta": "@sys.number",
        "alias": "number1",
        "userDefined": false
      }
    ],
    "isTemplate": false,
    "count": 0,
    "lang": "en",
    "updated": 0
  },
  {
    "id": "8360c298-0066-4382-be48-939e8dd8681e",
    "data": [
      {
        "text": "22",
        "meta": "@sys.number",
        "alias": "number",
        "userDefined": false
      },
      {
        "text": " ",
        "userDefined": false
      },
      {
        "text": "minus",
        "meta": "@Operations",
        "alias": "operations",
        "userDefined": false
      },
      {
        "text": " ",
        "userDefined": false
      },
      {
        "text": "3",
        "meta": "@sys.number",
        "alias": "number1",
        "userDefined": false
      }
    ],
    "isTemplate": false,
    "count": 0,
    "lang": "en",
    "updated": 0
  },
  {
    "id": "c1c1deb6-596a-43b4-9b61-e76e651d253b",
    "data": [
      {
        "text": "difference",
        "meta": "@Operations",
        "alias": "operations",
        "userDefined": false
      },
      {
        "text": " of the numbers",
        "userDefined": false
      }
    ],
    "isTemplate": false,
    "count": 0,
    "lang": "en",
    "updated": 0
  },
  {
    "id": "0ca48c6b-6968-493c-bbbe-9ba4abe27cf2",
    "data": [
      {
        "text": "subtract",
        "meta": "@Operations",
        "alias": "operations",
        "userDefined": false
      },
      {
        "text": " numbers",
        "userDefined": false
      }
    ],
    "isTemplate": false,
    "count": 0,
    "lang": "en",
    "updated": 0
  }
]